tags,total_cost
"('prod', 'scanner', 'post-processing')",844.9957930000000000000000000
"('prod', 'sql_agent_langgraph', 'auto_insights')",464.7707900000000000000000000
"('prod', 'scanner', 'prnewswire', 'extract_content')",426.8825920000000000000000000
"('prod', 'scanner', 'globenewswire', 'extract_content')",243.2467830000000000000000000
"('GRA', 'RnD', 'prod', 'strategy_acceleration')",238.1254240000000000000000000
"('core', 'extract_content', 'prnewswire', 'prod', 'scanner')",215.0298995000000000000000000
"('prod', 'scanner', 'biospace', 'extract_urls')",169.1412200000000000000000000
"('prod', 'scanner', 'globenewswire')",136.6490370000000000000000000
"('prod', 'din-sql_agent_langgraph', 'auto_insights')",122.8653429000000000084684300
"('prod', 'scanner', 'sec_edgar', 'business_units')",105.4809100000000000000000000
"('prod', 'ci_platform', 'feature_extractors', 'fda_drug_labels', 'extract_modality')",100.2143600000000000000000000
"('prod',)",98.28634050000000000000000000
"('biospace', 'core', 'extract_urls', 'prod', 'scanner')",95.95528000000000000000000000
"('prod', 'scanner', 'life_science_usa', 'extract_urls')",91.90569000000000000000000000
"('prod', 'scanner', 'biospace', 'extract_content')",87.02133600000000000000000000
"('prod', 'scanner')",79.48336100000000000000000000
"('prod', 'scanner', 'prnewswire')",75.70176700000000000000000000
"('core', 'extract_content', 'globenewswire', 'prod', 'scanner')",75.40686650000000000000000000
"('prod', 'RnD', 'GRA', 'strategy_acceleration')",75.03189600000000000000000000
"('core', 'extract_urls', 'life_science_usa', 'prod', 'scanner')",68.61369000000000000000000000
"('prod', 'scanner', 'pharmiweb', 'extract_urls')",61.03471000000000000000000000
"('prod', 'multicot_agent_langgraph', 'auto_insights')",57.98192000000000000000000000
"('core', 'extract_urls', 'pharmiweb', 'prod', 'scanner')",49.51560000000000000000000000
"('ci_platform', 'extract_modality', 'fda_drug_labels', 'feature_extractors', 'prod')",49.40374000000000000000000000
"('auto_insights', 'prod', 'sql_agent_langgraph')",48.32918000000000000000000000
"('prod', 'clinops_articles', 'rnd_whispers')",48.12719950000000000000000000
"('prod', 'hypothesis_generator', 'auto_insights')",44.82168300000000000000000000
"('prod', 'scanner', 'map-reduce')",41.14829000000000000000000000
"('investor_reports', 'prod', 'validation_content')",40.56079000000000000000000000
"('prod', 'ci_platform', 'feature_extractors', 'CTgov', 'extract_main_drug_name')",39.62993000000000000000000000
"('CTgov', 'ci_platform', 'extract_main_drug_name', 'feature_extractors', 'prod')",38.72071000000000000000000000
"('biospace', 'core', 'extract_content', 'prod', 'scanner')",36.85642200000000000000000000
"('NewsAPI', 'core', 'extract_content', 'prod', 'scanner')",36.65264150000000000000000000
"('prod', 'sales_opportunities_recomms')",36.14678000000000000779070000
"('prod', 'RnD', 'GRA', 'fast_track', 'pathway_recommender')",35.22287200000000000000000000
"('prod', 'ConferenceWhisperGenerator', 'whispers')",35.12100800000000000000000000
"('auto_insights', 'din-sql_agent_langgraph', 'prod')",33.92571000000000000000000000
"('prod', 'ctgov_trial_updates', 'rnd_whispers')",33.65727300000000000000000000
"('core', 'extract_content', 'google_search', 'prod', 'sanofi-olympics', 'scanner')",29.38553900000000000000000000
"('prod', 'scanner', 'core', 'prnewswire', 'extract_content')",29.03902350000000000000000000
"('clinops_articles', 'prod', 'rnd_whispers')",28.20150700000000000000000000
"('auto_insights', 'hypothesis_generator', 'prod')",25.62242600000000000000000000
"('prod', 'scanner', 'core', 'biospace', 'extract_urls')",24.06772000000000000000000000
"('map_reduce_whispers', 'prod')",21.69632000000000000000000000
"('prod', 'recommendations')",19.96763500000000000000000000
"('prod', 'scanner', 'biospace')",17.70613400000000000000000000
"('prod', 'scanner', 'core', 'globenewswire', 'extract_content')",17.54783950000000000000000000
"('core', 'extract_content', 'gdelt', 'prod', 'scanner')",16.98183700000000000000000000
"('ppl_recommendations_sanofi', 'prod')",16.23759525000000000000000000
"('brain_example_langfuse', 'prod')",15.61733400000000000000000000
"('prod', 'scanner', 'core', 'life_science_usa', 'extract_urls')",15.11675000000000000000000000
"('prod', 'articles', 'whispers')",14.65218850000000000000000000
"('articles', 'prod', 'whispers')",13.48579150000000000000000000
"('prod', 'ci_platform', 'feature_extractors', 'fda_drug_labels', 'fda_extract_name')",13.48100000000000000000000000
"('prod', 'scanner', 'post-processing', 'sec-edgar')",13.00994000000000000000000000
"('ppl_rto_sanofi', 'prod')",11.81279800000000000000000000
"('prod', 'scanner', 'pharmiweb', 'extract_content')",10.56696700000000000000000000
"('prod', 'scanner', 'core', 'pharmiweb', 'extract_urls')",10.53004000000000000000000000
"('prod', 'reels_audio')",10.20294400000000000000000000
"('ctgov_trial_updates', 'prod', 'rnd_whispers')",10.07082100000000000000000000
"('prod', 'scanner', 'https://www.biospace.com/news/1/', 'extract_urls')",10.07006000000000000000000000
"('core', 'extract_content', 'pharmiweb', 'prod', 'scanner')",9.925760000000000000000000000
"('prod', 'rnd_site_recommender', 'rnd_whatif')",9.740258400000001020363000000
"('prod', 'autoinsights', 'evaluation', 'answerrelevancy')",9.094980000000000000000000000
"('prod', 'hypothesis_generator', 'auto_insights', 'insight_ranker')",8.891160000000000000000000000
"('prod', 'ctgov_new_trials', 'rnd_whispers')",8.791989000000000000000000000
"('prod', 'ci_platform', 'feature_extractors', 'fda_drug_labels', 'extract_moa')",8.753340000000000000000000000
"('prod', 'anonymizer_utils', 'dev', 'anonymizer')",7.789392000000000000000000000
"('autoinsights', 'evaluation', 'hallucination', 'prod')",6.842905000000000000000000000
"('prod', 'scanner', 'EMA', 'extract_urls')",6.776950000000000000000000000
"('prod', 'scanner', 'life_science_usa', 'extract_content')",6.430795000000000000000000000
"('prod', 'scanner', 'core', 'biospace', 'extract_content')",6.380159000000000000000000000
"('core', 'extract_content', 'google_search', 'prod', 'sanofi-overall', 'scanner')",6.207328500000000000000000000
"('prod', 'scanner', 'https://www.biospace.com/news/2/', 'extract_urls')",6.086950000000000000000000000
"('anonymizer', 'anonymizer_utils', 'dev', 'prod')",5.894880000000000000000000000
"('prod', 'pos-dataset-labelling', 'publication_based')",5.725895500000000000000000000
"('ailybot', 'genai', 'gpt', 'prod')",5.640170000000000000000000000
"('prod', 'autoinsights', 'evaluation', 'answerability')",5.410330000000000000000000000
"('prod', 'anonymizer', 'named_entity_recognition')",4.607504000000000000000000000
"('prod', 'scanner', 'https://www.biospace.com/news/3/', 'extract_urls')",4.462630000000000000000000000
"('EMA', 'core', 'extract_urls', 'prod', 'scanner')",4.158740000000000000000000000
"('prod', 'scanner', 'https://www.biospace.com/news/4/', 'extract_urls')",4.013680000000000000000000000
"('prod', 'scanner', 'https://www.biospace.com/news/5/', 'extract_urls')",3.778140000000000000000000000
"('clinops_articles', 'prod', 'rnd', 'whispers')",3.702876000000000000000000000
"('ConferenceWhisperGenerator', 'prod', 'whispers')",3.548298000000000000000000000
"('prod', 'scanner', 'https://www.ema.europa.eu/en/news?page=0', 'extract_urls')",3.540210000000000000000000000
"('prod', 'scanner', 'core', 'gdelt', 'extract_content')",3.500106000000000000000000000
"('prod', 'scanner', 'https://www.biospace.com/news/6/', 'extract_urls')",3.338780000000000000000000000
"('prod', 'scanner', 'https://www.biospace.com/news/1/')",3.326010000000000000000000000
"('prod', 'din-sql_agent_langgraph')",3.289130000000000000000000000
"('prod', 'scanner', 'https://www.biospace.com/news/7/', 'extract_urls')",3.274050000000000000000000000
"('prod', 'scanner', 'fiercepharma', 'extract_urls')",3.124930000000000000000000000
"('prod', 'scanner', 'fiercebiotech', 'extract_urls')",2.966800000000000000000000000
"('prod', 'scanner', 'core', 'google_search', 'sanofi-overall', 'extract_content')",2.922502500000000000000000000
"('prod', 'scanner', 'https://www.biospace.com/news/8/', 'extract_urls')",2.892880000000000000000000000
"('prod', 'hypothesis_generator', 'auto_insights', 'baselines_insights')",2.765780000000000000000000000
"('core', 'extract_content', 'fiercepharma', 'prod', 'scanner')",2.733287000000000000000000000
"('prod', 'langfuse-dataset', 'test')",2.547518500000000000000000000
"('prod', 'scanner', 'https://www.biospace.com/news/2/')",2.535410000000000000000000000
"('prod', 'scanner', 'https://www.biospace.com/news/9/', 'extract_urls')",2.440700000000000000000000000
"('prod', 'scanner', 'https://www.biospace.com/news/3/')",2.261130000000000000000000000
"('core', 'investor_relations', 'prod', 'scanner')",2.257950000000000000000000000
"('CTgov', 'ci_platform', 'extract_route_administration', 'feature_extractors', 'prod')",2.239378000000000000000000000
"('prod', 'scanner', 'fiercepharma', 'extract_content')",2.200065500000000000000000000
"('prod', 'scanner', 'https://www.biospace.com/news/5/')",2.157800000000000000000000000
"('prod', 'scanner', 'https://www.biospace.com/news/4/')",2.132300000000000000000000000
"('core', 'extract_content', 'fiercebiotech', 'prod', 'scanner')",2.092651500000000000000000000
"('prod', 'scanner', 'https://www.biospace.com/news/6/')",2.048490000000000000000000000
"('prod', 'hypothesis_generator', 'auto_insights', 'dataset_generator')",1.978680000000000000000000000
"('core', 'extract_urls', 'fiercepharma', 'prod', 'scanner')",1.977550000000000000000000000
"('prod', 'scanner', 'https://www.biospace.com/news/7/')",1.946140000000000000000000000
"('prod', 'rnd_clinops_competitors_treat_extract')",1.932501000000000000000000000
"('prod', 'scanner', 'https://www.biospace.com/news/8/')",1.872000000000000000000000000
"('core', 'extract_urls', 'fiercebiotech', 'prod', 'scanner')",1.842880000000000000000000000
"('auto-insights', 'bird_summarization', 'prod')",1.839670000000000000000000000
"('ctgov_new_trials', 'prod', 'rnd_whispers')",1.680144500000000000000000000
"('answerability', 'autoinsights', 'evaluation', 'prod')",1.669465000000000000000000000
"('core', 'extract_content', 'life_science_usa', 'prod', 'scanner')",1.648565000000000000000000000
"('prod', 'scanner', 'https://www.biospace.com/news/10/')",1.635960000000000000000000000
"('prod', 'scanner', 'https://www.biospace.com/news/9/')",1.619650000000000000000000000
"('answer-relevancy', 'autoinsights', 'evaluation', 'prod')",1.580730000000000000000000000
"('prod', 'sql_agent', 'auto_insights')",1.543040000000000000000000000
"('prod', 'Reputation', 'RnD', 'summarization')",1.542471500000000000000000000
"('prod', 'scanner', 'https://www.biospace.com/news/10/', 'extract_urls')",1.526040000000000000000000000
"('prod', 'summarization', 'Reputation', 'RnD')",1.449857500000000000000000000
"('prod', 'ci_platform', 'feature_extractors', 'fda_drug_labels', 'fda_extract_route_administration')",1.428414000000000000000000000
"('prod', 'scanner', 'https://www.biospace.com/news/11/')",1.419990000000000000000000000
"('prod', 'scanner', 'https://www.biospace.com/news/11/', 'extract_urls')",1.407610000000000000000000000
"('bdnl', 'pf', 'prod', 'rnd')",1.404206500000000000000000000
"('prod', 'scanner', 'https://www.biospace.com/news/12/')",1.374780000000000000000000000
"('prod', 'ci_platform', 'feature_extractors', 'CTgov', 'extract_route_administration')",1.364604500000000000000000000
"('auto_insights', 'hallucination', 'hypothesis_generator', 'prod', 'reflection')",1.314305000000000000000000000
"('prod', 'RnD', 'classification', 'Reputation')",1.257112500000000000000000000
"('EMA', 'core', 'extract_content', 'prod', 'scanner')",1.188419000000000000000000000
"('auto_insights', 'hypothesis_generator', 'insight_ranker', 'prod')",1.168205000000000000000000000
"('prod', 'RnD', 'Reputation', 'summarization')",1.163229000000000000000000000
"('prod', 'scanner', 'core', 'pharmiweb', 'extract_content')",1.145993000000000000000000000
"('prod', 'scanner', 'fiercebiotech', 'extract_content')",1.056135500000000000000000000
"('prod', 'test', 'pos-dataset-labelling')",1.054636000000000000000000000
"('prod', 'scanner', 'https://www.biospace.com/news/13/')",1.007800000000000000000000000
"('prod', 'auto_insights', 'pro_summarizer')",0.9957800000000000000000000000
"('prod', 'scanner', 'core', 'EMA', 'extract_urls')",0.9871300000000000000000000000
"('prod', 'RnD', 'summarization', 'Reputation')",0.9738630000000000000000000000
"('ctgov_trial_updates', 'prod', 'rnd', 'whispers')",0.9635240000000000000000000000
"('prod', 'scanner', 'https://www.biospace.com/news/12/', 'extract_urls')",0.9361200000000000000000000000
"('prod', 'Reputation', 'RnD', 'sentiment extraction')",0.9356305000000000000000000000
"('prod', 'scanner', 'https://www.biospace.com/news/13/', 'extract_urls')",0.8483900000000000000000000000
"('Interferon beta 1a_chronic obstructive pulmonary disease_development_status_20240613_211652', 'core', 'extract_content', 'google_search', 'prod', 'scanner')",0.7514445000000000000000000000
"('prod', 'scanner', 'core', 'fiercepharma', 'extract_content')",0.7224560000000000000000000000
"('ailybot', 'confluence-agent', 'genai', 'prod')",0.7047600000000000000000000000
"('prod', 'scanner', 'https://www.ema.europa.eu/en/news?page=1', 'extract_urls')",0.6555800000000000000000000000
"('Shanghai Hengrui Pharmaceutical_legal_disputes_test_2024', 'core', 'extract_content', 'google_search', 'prod', 'scanner')",0.6464400000000000000000000000
"('Akeso Biopharma_legal_disputes_test_2024', 'core', 'extract_content', 'google_search', 'prod', 'scanner')",0.6464400000000000000000000000
"('prod', 'scanner', 'https://www.biospace.com/news/14/')",0.6053200000000000000000000000
"('prod', 'scanner', 'https://www.biospace.com/news/14/', 'extract_urls')",0.5629600000000000000000000000
"('prod', 'anonymizer_utils', 'auto_insights', 'anonymizer')",0.5570800000000000000000000000
"('Jiangsu Hengrui Medicine Co._legal_disputes_test_2024', 'core', 'extract_content', 'google_search', 'prod', 'scanner')",0.5376840000000000000000000000
"('prod', 'scanner', 'https://www.biospace.com/news/15/')",0.5003600000000000000000000000
"('prod', 'autoinsights', 'evaluation', 'faithfulness')",0.5001300000000000000000000000
"('prod', 'Reputation', 'RnD', 'classification')",0.4921555000000000000000000000
"('prod', 'test', 'auto-insights')",0.4914400000000000000000000000
"('prod', 'scanner', 'https://www.biospace.com/news/16/')",0.4905100000000000000000000000
"('prod', 'sentiment extraction', 'Reputation', 'RnD')",0.4682920000000000000000000000
"('prod', 'RnD', 'Reputation', 'sentiment extraction')",0.4682300000000000000000000000
"('prod', 'classification', 'RnD', 'Reputation')",0.4619365000000000000000000000
"('prod', 'scanner', 'https://www.biospace.com/news/')",0.4603300000000000000000000000
"('Sanofi_Amgen/AstraZeneca_legal_disputes_2024', 'core', 'extract_content', 'google_search', 'prod', 'scanner')",0.4602550000000000000000000000
"('Biogen/SAGE Therapeutics_legal_disputes_test_2024_new', 'core', 'extract_content', 'google_search', 'prod', 'scanner')",0.4582885000000000000000000000
"('prod', 'scanner', 'core', 'fiercepharma', 'extract_urls')",0.4541800000000000000000000000
"('Sanofi_Vanda Pharmaceuticals_legal_disputes   ', 'core', 'extract_content', 'google_search', 'prod', 'scanner')",0.4501075000000000000000000000
"('prod', 'scanner', 'core', 'fiercebiotech', 'extract_urls')",0.4409500000000000000000000000
"('prod', 'scanner', 'core', 'life_science_usa', 'extract_content')",0.4247535000000000000000000000
"('ci_platform', 'extract_modality', 'fda_drug_labels', 'feature_extractors', 'prod', 'rnd')",0.4219300000000000000000000000
"('SelK 2_chronic obstructive pulmonary disease_development_status_20240613_212158', 'core', 'extract_content', 'google_search', 'prod', 'scanner')",0.4208100000000000000000000000
"('prod', 'scanner', 'https://www.biospace.com/news/17/')",0.4050500000000000000000000000
"('auto_insights', 'pro_summarizer', 'prod')",0.4003100000000000000000000000
"('prod', 'anonymizer_utils', 'dev', 'anonymizer', 'named_entity_recognition')",0.3785040000000000000000000000
"('prod', 'autoinsights', 'evaluation', 'hallucination')",0.3674300000000000000000000000
"('prod', 'scanner', 'EMA', 'extract_content')",0.3648270000000000000000000000
"('Bayer_legal_disputes_test_2024', 'core', 'extract_content', 'google_search', 'prod', 'scanner')",0.3495950000000000000000000000
"('Sun Pharma _legal_disputes_test_2024_new', 'core', 'extract_content', 'google_search', 'prod', 'scanner')",0.3266185000000000000000000000
"('prod', 'auto-insights', 'test')",0.3258700000000000000000000000
"('prod', 'RnD', 'sentiment extraction', 'Reputation')",0.3231600000000000000000000000
"('prod', 'autoinsights', 'evaluation', 'summarization')",0.3131870000000000000000000000
"('prod', 'Reputation', 'Top topics', 'RnD', 'Sanofi')",0.3102720000000000000000000000
"('prod', 'scanner', 'https://www.biospace.com/news/19/')",0.3084300000000000000000000000
"('Losmapimod_chronic obstructive pulmonary disease_development_status_20240613_211514', 'core', 'extract_content', 'google_search', 'prod', 'scanner')",0.3048845000000000000000000000
"('prod', 'scanner', 'https://www.biospace.com/news/18/')",0.3027600000000000000000000000
"('prod', 'scanner', 'https://www.biospace.com/news/22/')",0.3018900000000000000000000000
"('prod', 'ci_platform', 'feature_extractors', 'CTgov', 'extract_copd_main_drug_name')",0.2931810000000000000000000000
"('prod', 'scanner', 'https://www.biospace.com/news/20/')",0.2905400000000000000000000000
"('prod', 'scanner', 'core', 'fiercebiotech', 'extract_content')",0.2764625000000000000000000000
"('prod', 'scanner', 'https://www.biospace.com/news/21/')",0.2761800000000000000000000000
"('Sun Pharmaceutical Industries_legal_disputes_test_2024', 'core', 'extract_content', 'google_search', 'prod', 'scanner')",0.2687070000000000000000000000
"('ANB 032_loe_patent_expiration_test', 'core', 'extract_content', 'google_search', 'prod', 'scanner')",0.2578115000000000000000000000
"('Integrative Research Laboratories_legal_disputes_test_2024_new', 'core', 'extract_content', 'google_search', 'prod', 'scanner')",0.2563675000000000000000000000
"('prod', 'scanner', 'https://www.biospace.com/news/23/')",0.2497400000000000000000000000
"('Apremilast_atopic dermatitis_development_status_rerun_20240614_095503', 'core', 'extract_content', 'google_search', 'prod', 'scanner')",0.2313000000000000000000000000
"('prod', 'sanofi_rnd_reals', 'whispers')",0.2280055000000000000000000000
"('prod', 'insight generator', 'baseline sql2text')",0.2261800000000000000000000000
"('prod', 'fake_name_generator')",0.2252570000000000000000000000
"('google_agent', 'prod')",0.2109427500000000000000000000
"('prod', 'sql2text_hypothesis_generator', 'auto_insights')",0.2085400000000000000000000000
"('prod', 'scanner', 'https://www.biospace.com/news/24/')",0.2005500000000000000000000000
"('Enterin_legal_disputes_test_2024_new', 'core', 'extract_content', 'google_search', 'prod', 'scanner')",0.1924375000000000000000000000
"('auto-insights', 'prod', 'bird_summarization')",0.1910050000000000000000000000
"('prod', 'scanner', 'https://www.biospace.com/news/25/')",0.1909000000000000000000000000
"('prod', 'RnD', 'Reputation', 'Recommendation')",0.1885760000000000000000000000
"('prod', 'autoinsights', 'evaluation', 'answer-relevancy')",0.1845100000000000000000000000
"('prod', 'auto_insights', 'pro_summarizer', 'reflection')",0.1814600000000000000000000000
"('auto_insights', 'dataset_generator', 'hypothesis_generator', 'prod')",0.1800900000000000000000000000
"('prod', 'Reputation', 'Top topics', 'Olympic Games', 'RnD')",0.1752000000000000000000000000
"('auto_insights', 'hypothesis_generator', 'prod', 'sqlagent_correctness_backtranslation')",0.1687300000000000000000000000
"('auto_insights', 'correctness_evaluation', 'prod')",0.1611750000000000000000000000
"('ctgov_new_trials', 'prod', 'rnd', 'whispers')",0.1536150000000000000000000000
"('prod', 'ci_platform', 'feature_extractors', 'CTgov', 'extract_copd_main_drug')",0.1395845000000000000000000000
"('prod', 'pharmaceutical companies', 'RnD', 'Top topics', 'Reputation')",0.1345040000000000000000000000
"('prod', 'scanner', 'post-processing', 'sanofi')",0.1343800000000000000000000000
"('prod', 'Reputation', 'Top topics', 'RnD', 'pharmaceutical companies')",0.1331440000000000000000000000
"('core', 'extract_content', 'pharmatimes', 'prod', 'scanner')",0.1284970000000000000000000000
"('agent_network', 'aily_ai_brain', 'example', 'prod')",0.1270490000000000000000000000
"('prod', 'Top topics', 'RnD', 'Reputation', 'immunology')",0.1235600000000000000000000000
"('prod', 'Reputation', 'RnD', 'Recommendation')",0.1223520000000000000000000000
"('prod', 'Olympic Games', 'Reputation', 'RnD', 'Top topics')",0.1199360000000000000000000000
"('prod', 'scanner', 'https://www.biospace.com/news/54/')",0.1118000000000000000000000000
"('prod', 'scanner', 'https://www.biospace.com/news/43/')",0.1106900000000000000000000000
"('prod', 'scanner', 'https://www.biospace.com/news/55/')",0.1103200000000000000000000000
"('prod', 'scanner', 'https://www.biospace.com/news/47/')",0.1065700000000000000000000000
"('prod', 'scanner', 'https://www.biospace.com/news/34/')",0.1065400000000000000000000000
"('prod', 'scanner', 'https://www.biospace.com/news/16/', 'extract_urls')",0.1063800000000000000000000000
"('prod', 'scanner', 'https://www.biospace.com/news/15/', 'extract_urls')",0.1061000000000000000000000000
"('prod', 'scanner', 'https://www.biospace.com/news/62/')",0.1057000000000000000000000000
"('prod', 'scanner', 'https://www.ema.europa.eu/en/news?page=0')",0.1055500000000000000000000000
"('prod', 'scanner', 'https://www.biospace.com/news/38/')",0.1041600000000000000000000000
"('prod', 'scanner', 'https://www.biospace.com/news/50/')",0.1025400000000000000000000000
"('prod', 'RnD', 'Reputation', 'Top topics', 'Olympic Games')",0.1020400000000000000000000000
"('prod', 'scanner', 'https://www.biospace.com/news/48/')",0.1015000000000000000000000000
"('prod', 'scanner', 'https://www.biospace.com/news/59/')",0.1013300000000000000000000000
"('prod', 'scanner', 'https://www.biospace.com/news/40/')",0.1012000000000000000000000000
"('prod', 'scanner', 'https://www.biospace.com/news/29/')",0.1012000000000000000000000000
"('prod', 'scanner', 'https://www.biospace.com/news/46/')",0.1004700000000000000000000000
"('prod', 'scanner', 'https://www.biospace.com/news/35/')",0.1001100000000000000000000000
"('prod', 'scanner', 'https://www.biospace.com/news/33/')",0.09993000000000000000000000000
"('prod', 'scanner', 'https://www.biospace.com/news/45/')",0.09958000000000000000000000000
"('prod', 'scanner', 'https://www.biospace.com/news/44/')",0.09918000000000000000000000000
"('prod', 'scanner', 'https://www.biospace.com/news/37/')",0.09893000000000000000000000000
"('prod', 'scanner', 'https://www.biospace.com/news/41/')",0.09833000000000000000000000000
"('prod', 'scanner', 'https://www.biospace.com/news/57/')",0.09822000000000000000000000000
"('prod', 'scanner', 'https://www.biospace.com/news/27/')",0.09811000000000000000000000000
"('prod', 'scanner', 'https://www.biospace.com/news/28/')",0.09808000000000000000000000000
"('prod', 'scanner', 'https://www.biospace.com/news/52/')",0.09799000000000000000000000000
"('prod', 'scanner', 'https://www.biospace.com/news/56/')",0.09777000000000000000000000000
"('prod', 'scanner', 'https://www.biospace.com/news/26/')",0.09700000000000000000000000000
"('prod', 'scanner', 'https://www.biospace.com/news/39/')",0.09697000000000000000000000000
"('prod', 'scanner', 'https://www.biospace.com/news/36/')",0.09683000000000000000000000000
"('prod', 'scanner', 'https://www.biospace.com/news/51/')",0.09675000000000000000000000000
"('prod', 'scanner', 'https://www.biospace.com/news/42/')",0.09670000000000000000000000000
"('prod', 'scanner', 'https://www.biospace.com/news/63/')",0.09623000000000000000000000000
"('prod', 'scanner', 'https://www.biospace.com/news/53/')",0.09595000000000000000000000000
"('prod', 'scanner', 'https://www.biospace.com/news/49/')",0.09578000000000000000000000000
"('prod', 'scanner', 'https://www.biospace.com/news/31/')",0.09554000000000000000000000000
"('prod', 'scanner', 'https://www.biospace.com/news/61/')",0.09545000000000000000000000000
"('prod', 'scanner', 'https://www.biospace.com/news/30/')",0.09469000000000000000000000000
"('prod', 'scanner', 'https://www.biospace.com/news/32/')",0.09387000000000000000000000000
"('prod', 'scanner', 'EMA')",0.09019400000000000000000000000
"('ailybot', 'claude', 'genai', 'prod')",0.08905500000000000000000000000
"('prod', 'auto_insights', 'pro_summarizer', 'reflection', 'hallucination')",0.07874000000000000000000000000
"('prod', 'scanner', 'core', 'EMA', 'extract_content')",0.06732750000000000000000000000
"('add_numbers', 'auto_insights', 'pro_summarizer', 'prod')",0.06732500000000000000000000000
"('prod', 'scanner', 'https://www.biospace.com/news/60/')",0.06659000000000000000000000000
"('decision_advisor', 'prod')",0.06650100000000000000000000000
"('prod', 'Top topics', 'Reputation', 'RnD', 'immunology')",0.06456000000000000000000000000
"('prod', 'Sanofi', 'Reputation', 'Top topics', 'RnD')",0.06240000000000000000000000000
"('prod', 'Recommendation', 'Reputation', 'RnD')",0.05990400000000000000000000000
"('prod', 'RnD', 'Sanofi', 'Top topics', 'Reputation')",0.05881600000000000000000000000
"('prod', 'Sanofi', 'RnD', 'Top topics', 'Reputation')",0.05736800000000000000000000000
"('agent_network', 'aily_ai_brain', 'genai', 'prod')",0.05682400000000000000000000000
"('prod', 'scanner', 'https://www.ema.europa.eu/en/news?page=2')",0.05594000000000000000000000000
"('prod', 'Olympic Games', 'Top topics', 'RnD', 'Reputation')",0.05592000000000000000000000000
"('prod', 'scanner', 'https://www.ema.europa.eu/en/news?page=1')",0.05503000000000000000000000000
"('prod', 'scanner', 'https://www.ema.europa.eu/en/news?page=3')",0.05254000000000000000000000000
"('auto_insights', 'pro_summarizer', 'prod', 'reflection', 'wrong_numbers')",0.04494000000000000000000000000
"('prod', 'aily_brain_examples', 'anonymizer')",0.04291200000000000000000000000
"('Sanofi_AbbVie_legal_disputes_test', 'core', 'extract_content', 'google_search', 'prod', 'scanner')",0.03931050000000000000000000000
"('UNION Therapeutics_legal_disputes_test_2024', 'core', 'extract_content', 'google_search', 'prod', 'scanner')",0.03889250000000000000000000000
"('prod', 'aily_brain_examples', 'anonymizer', 'named_entity_recognition')",0.03489600000000000000000000000
"('Q32 Bio_legal_disputes_test_2024', 'core', 'extract_content', 'google_search', 'prod', 'scanner')",0.03436900000000000000000000000
"('prod', 'sentiment extraction', 'RnD', 'Reputation')",0.03414650000000000000000000000
"('Eli Lilly and Company/Incyte Corporation_legal_disputes_test_2024', 'core', 'extract_content', 'google_search', 'prod', 'scanner')",0.03149800000000000000000000000
"('bdnl', 'google_agent', 'pf', 'prod', 'rnd')",0.03137600000000000000000000000
"('auto_insights', 'parsing', 'prod', 'stories_summarizer')",0.02976000000000000000000000000
"('core', 'linkedin', 'prod', 'scanner', 'test')",0.02934000000000000000000000000
"('Sanofi_AbbVie_legal_disputes_2024', 'core', 'extract_content', 'google_search', 'prod', 'scanner')",0.02816400000000000000000000000
"('prod', 'scanner', 'pharmatimes', 'extract_content')",0.02782550000000000000000000000
"('dev', 'fin_annual_reports', 'genai', 'prod', 'test')",0.02640000000000000000000000000
"('prod', 'Reputation', 'summarization', 'RnD')",0.02499400000000000000000000000
"('fake_name_generator', 'prod')",0.02458500000000000000000000000
"('prod', 'test', 'auto-insights', 'evaluation', 'summarizer')",0.02370400000000000000000000000
"('NewsConferenceWhisperGenerator', 'prod', 'whispers')",0.02276950000000000000000000000
"('Tezepelumab_chronic obstructive pulmonary disease_development_status_20240613_211902', 'core', 'extract_content', 'google_search', 'prod', 'scanner')",0.02244900000000000000000000000
"('Mereo BioPharma_legal_disputes_test_2024', 'core', 'extract_content', 'google_search', 'prod', 'scanner')",0.02230350000000000000000000000
"('prod', 'aily-ai-brain', 'tests', 'test_get_llm2')",0.02164800000000000000000000000
"('Chugai Pharmaceutical_legal_disputes_test_2024', 'core', 'extract_content', 'google_search', 'prod', 'scanner')",0.02064850000000000000000000000
"('Erdosteine_chronic obstructive pulmonary disease_development_status_20240613_210623', 'core', 'extract_content', 'google_search', 'prod', 'scanner')",0.02030450000000000000000000000
"('LEO Pharma_legal_disputes_test_2024', 'core', 'extract_content', 'google_search', 'prod', 'scanner')",0.01999850000000000000000000000
"('Baricitinib_license_agreements_test_2024', 'core', 'extract_content', 'google_search', 'prod', 'scanner')",0.01996200000000000000000000000
"('prod', 'test', 'auto-insights', 'evaluation')",0.01995200000000000000000000000
"('Sanofi_Chugai Pharmaceutical_legal_disputes_2024', 'core', 'extract_content', 'google_search', 'prod', 'scanner')",0.01983500000000000000000000000
"('Benralizumab_chronic obstructive pulmonary disease_development_status_20240613_210859', 'core', 'extract_content', 'google_search', 'prod', 'scanner')",0.01873100000000000000000000000
"('Upadacitinib_atopic dermatitis_development_status_20240613_205844', 'core', 'extract_content', 'google_search', 'prod', 'scanner')",0.01840150000000000000000000000
"('SelK 2_license_agreements_test_2024', 'core', 'extract_content', 'google_search', 'prod', 'scanner')",0.01785900000000000000000000000
"('Roflumilast_chronic obstructive pulmonary disease_development_status_20240613_213323', 'core', 'extract_content', 'google_search', 'prod', 'scanner')",0.01785150000000000000000000000
"('prod', 'aily-ai-brain', 'tests', 'test_get_llm1')",0.01768800000000000000000000000
"('prod', 'test', 'auto-insights', 'evaluation', 'high-level-qs')",0.01764000000000000000000000000
"('prod', 'summarization', 'RnD', 'Reputation')",0.01762550000000000000000000000
"('Amgen/AstraZeneca_legal_disputes_test', 'core', 'extract_content', 'google_search', 'prod', 'scanner')",0.01744450000000000000000000000
"('Sanofi_GlaxoSmithKline_legal_disputes_2024', 'core', 'extract_content', 'google_search', 'prod', 'scanner')",0.01733200000000000000000000000
"('Annovis Bio_legal_disputes_test_2024_new', 'core', 'extract_content', 'google_search', 'prod', 'scanner')",0.01659400000000000000000000000
"('Benralizumab_atopic dermatitis_development_status_20240613_204123', 'core', 'extract_content', 'google_search', 'prod', 'scanner')",0.01634300000000000000000000000
"('PBF 680_chronic obstructive pulmonary disease_development_status_20240613_212729', 'core', 'extract_content', 'google_search', 'prod', 'scanner')",0.01624800000000000000000000000
"('Acumapimod_chronic obstructive pulmonary disease_development_status_20240613_212353', 'core', 'extract_content', 'google_search', 'prod', 'scanner')",0.01603450000000000000000000000
"('SelK 2_loe_patent_expiration_test', 'core', 'extract_content', 'google_search', 'prod', 'scanner')",0.01576700000000000000000000000
"('Eblasakimab_atopic dermatitis_development_status_20240613_203213', 'core', 'extract_content', 'google_search', 'prod', 'scanner')",0.01543900000000000000000000000
"('core', 'extract_content', 'google_search', 'prod', 'rnd_pf_bdl_20240613_201444', 'scanner')",0.01543900000000000000000000000
"('Upadacitinib_loe_patent_expiration_test', 'core', 'extract_content', 'google_search', 'prod', 'scanner')",0.01507950000000000000000000000
"('Sanofi_LEO Pharma_legal_disputes   ', 'core', 'extract_content', 'google_search', 'prod', 'scanner')",0.01499850000000000000000000000
"('Ivarmacitinib_atopic dermatitis_development_status_20240613_210308', 'core', 'extract_content', 'google_search', 'prod', 'scanner')",0.01499350000000000000000000000
"('auto_insights', 'prod', 'story_templates_generator')",0.01498500000000000000000000000
"('Abbvie_legal_disputes_test_2024_new', 'core', 'extract_content', 'google_search', 'prod', 'scanner')",0.01479450000000000000000000000
"('Mepolizumab_loe_patent_expiration_test', 'core', 'extract_content', 'google_search', 'prod', 'scanner')",0.01434500000000000000000000000
"('prod', 'Reputation', 'sentiment extraction', 'RnD')",0.01431250000000000000000000000
"('Sanofi_Eli Lilly and Company/Incyte Corporation_legal_disputes   ', 'core', 'extract_content', 'google_search', 'prod', 'scanner')",0.01373350000000000000000000000
"('Interferon beta 1a_loe_patent_expiration_test', 'core', 'extract_content', 'google_search', 'prod', 'scanner')",0.01369300000000000000000000000
"('prod', 'brain_example_langfuse')",0.01331200000000000000000000000
"('prod', 'aily-ai-brain', 'tests', 'test_get_llm_region1')",0.01310400000000000000000000000
"('Sanofi_Chugai Pharmaceutical_legal_disputes   ', 'core', 'extract_content', 'google_search', 'prod', 'scanner')",0.01308550000000000000000000000
"('Nemolizumab_license_agreements_test_2024', 'core', 'extract_content', 'google_search', 'prod', 'scanner')",0.01251600000000000000000000000
"('Roflumilast_chronic obstructive pulmonary disease_development_status_20240613_213053', 'core', 'extract_content', 'google_search', 'prod', 'scanner')",0.01249350000000000000000000000
"('Zuranolone_license_agreements_test_2024_new', 'core', 'extract_content', 'google_search', 'prod', 'scanner')",0.01199500000000000000000000000
"('Sanofi_AbbVie_legal_disputes   ', 'core', 'extract_content', 'google_search', 'prod', 'scanner')",0.01182100000000000000000000000
"('Abrocitinib_atopic dermatitis_development_status_20240613_210117', 'core', 'extract_content', 'google_search', 'prod', 'scanner')",0.01176400000000000000000000000
"('Apremilast_atopic dermatitis_development_status_rerun_20240614_095325', 'core', 'extract_content', 'google_search', 'prod', 'scanner')",0.01124900000000000000000000000
"('Sanofi_Eli Lilly and Company_legal_disputes_2024', 'core', 'extract_content', 'google_search', 'prod', 'scanner')",0.01118600000000000000000000000
"('Tradipitant_atopic dermatitis_development_status_20240613_204830', 'core', 'extract_content', 'google_search', 'prod', 'scanner')",0.01079300000000000000000000000
"('Rocatinlimab_atopic dermatitis_development_status_20240613_205319', 'core', 'extract_content', 'google_search', 'prod', 'scanner')",0.01078650000000000000000000000
"('aily_agent', 'core', 'extract_content', 'google_search', 'prod', 'scanner')",0.01077300000000000000000000000
"('Eli Lilly and Company_legal_disputes_test_2024', 'core', 'extract_content', 'google_search', 'prod', 'scanner')",0.01061550000000000000000000000
"('Apremilast_atopic dermatitis_development_status_20240613_203603', 'core', 'extract_content', 'google_search', 'prod', 'scanner')",0.01055800000000000000000000000
"('Rademikibart_license_agreements_test_2024', 'core', 'extract_content', 'google_search', 'prod', 'scanner')",0.01044650000000000000000000000
"('fin_quarterly_report_test', 'prod')",0.01041600000000000000000000000
"('Kyowa Kirin_legal_disputes_test_2024', 'core', 'extract_content', 'google_search', 'prod', 'scanner')",0.01035250000000000000000000000
"('Genentech_legal_disputes_test_2024', 'core', 'extract_content', 'google_search', 'prod', 'scanner')",0.01017700000000000000000000000
"('AstraZeneca_legal_disputes_test_2024', 'core', 'extract_content', 'google_search', 'prod', 'scanner')",0.009877000000000000000000000000
"('NewsWhisperGenerator', 'prod', 'whispers')",0.009685000000000000000000000000
"('Tezepelumab_loe_patent_expiration_test', 'core', 'extract_content', 'google_search', 'prod', 'scanner')",0.009521000000000000000000000000
"('Academia Sinica_legal_disputes_test_2024', 'core', 'extract_content', 'google_search', 'prod', 'scanner')",0.009411500000000000000000000000
"('Sanofi_Eli Lilly and Company/Incyte Corporation_legal_disputes_2024', 'core', 'extract_content', 'google_search', 'prod', 'scanner')",0.009278000000000000000000000000
"('Etrasimod_atopic dermatitis_development_status_20240613_205448', 'core', 'extract_content', 'google_search', 'prod', 'scanner')",0.009016500000000000000000000000
"('UCB 1381_loe_patent_expiration_test', 'core', 'extract_content', 'google_search', 'prod', 'scanner')",0.008764000000000000000000000000
"('Telazorlimab_atopic dermatitis_development_status_20240613_205217', 'core', 'extract_content', 'google_search', 'prod', 'scanner')",0.008559000000000000000000000000
"('Baricitinib_atopic dermatitis_development_status_20240613_205604', 'core', 'extract_content', 'google_search', 'prod', 'scanner')",0.008488000000000000000000000000
"('Nektar Therapeutics_legal_disputes_test_2024', 'core', 'extract_content', 'google_search', 'prod', 'scanner')",0.008292000000000000000000000000
"('google_agent', 'prod', 'rnd_pf_bdl_test')",0.008252000000000000000000000000
"('Pfizer_legal_disputes_test_2024', 'core', 'extract_content', 'google_search', 'prod', 'scanner')",0.008220500000000000000000000000
"('Vanda Pharmaceuticals_legal_disputes_test_2024', 'core', 'extract_content', 'google_search', 'prod', 'scanner')",0.008174500000000000000000000000
"('Ensifentrine_chronic obstructive pulmonary disease_development_status_20240613_213533', 'core', 'extract_content', 'google_search', 'prod', 'scanner')",0.007893500000000000000000000000
"('Tanimilast_chronic obstructive pulmonary disease_development_status_20240613_212613', 'core', 'extract_content', 'google_search', 'prod', 'scanner')",0.007762000000000000000000000000
"('Orismilast_atopic dermatitis_development_status_20240613_205102', 'core', 'extract_content', 'google_search', 'prod', 'scanner')",0.007690000000000000000000000000
"('Tralokinumab_license_agreements_test_2024', 'core', 'extract_content', 'google_search', 'prod', 'scanner')",0.007662000000000000000000000000
"('KeyMed Biosciences_legal_disputes_test_2024', 'core', 'extract_content', 'google_search', 'prod', 'scanner')",0.007545000000000000000000000000
"('Sanofi_Pfizer_legal_disputes_2024', 'core', 'extract_content', 'google_search', 'prod', 'scanner')",0.007292500000000000000000000000
"('GlaxoSmithKline_legal_disputes_test_2024', 'core', 'extract_content', 'google_search', 'prod', 'scanner')",0.007173500000000000000000000000
"('Etrasimod_license_agreements_test_2024', 'core', 'extract_content', 'google_search', 'prod', 'scanner')",0.007001000000000000000000000000
"('Mesdopetam_license_agreements_test_2024_new', 'core', 'extract_content', 'google_search', 'prod', 'scanner')",0.006900500000000000000000000000
"('GSK 1070806_atopic dermatitis_development_status_20240613_205009', 'core', 'extract_content', 'google_search', 'prod', 'scanner')",0.006796000000000000000000000000
"('Etrasimod_loe_patent_expiration_test', 'core', 'extract_content', 'google_search', 'prod', 'scanner')",0.006702500000000000000000000000
"('AbbVie_legal_disputes_test_2024', 'core', 'extract_content', 'google_search', 'prod', 'scanner')",0.006469000000000000000000000000
"('Biosion_legal_disputes_test_2024', 'core', 'extract_content', 'google_search', 'prod', 'scanner')",0.006074500000000000000000000000
"('prod', 'test_get_llm_region1')",0.005856000000000000000000000000
"('Cerevel Therapeutics_legal_disputes_test_2024_new', 'core', 'extract_content', 'google_search', 'prod', 'scanner')",0.005785500000000000000000000000
"('Mepolizumab_chronic obstructive pulmonary disease_development_status_20240613_212938', 'core', 'extract_content', 'google_search', 'prod', 'scanner')",0.005721000000000000000000000000
"('Verona Pharma_legal_disputes_test_2024', 'core', 'extract_content', 'google_search', 'prod', 'scanner')",0.005333000000000000000000000000
"('Sanofi_Pfizer_legal_disputes   ', 'core', 'extract_content', 'google_search', 'prod', 'scanner')",0.005035500000000000000000000000
"('Stapokibart_atopic dermatitis_development_status_20240613_210526', 'core', 'extract_content', 'google_search', 'prod', 'scanner')",0.004967000000000000000000000000
"('Abrocitinib_loe_patent_expiration_test', 'core', 'extract_content', 'google_search', 'prod', 'scanner')",0.004875500000000000000000000000
"('Tradipitant_loe_patent_expiration_test', 'core', 'extract_content', 'google_search', 'prod', 'scanner')",0.004526500000000000000000000000
"('Interferon beta 1a_chronic obstructive pulmonary disease_development_status_20240613_211823', 'core', 'extract_content', 'google_search', 'prod', 'scanner')",0.004325500000000000000000000000
"('Baricitinib_loe_patent_expiration_test', 'core', 'extract_content', 'google_search', 'prod', 'scanner')",0.004268500000000000000000000000
"('Orismilast_loe_patent_expiration_test', 'core', 'extract_content', 'google_search', 'prod', 'scanner')",0.004005500000000000000000000000
"('Yungjin Pharm Co_legal_disputes_test_2024', 'core', 'extract_content', 'google_search', 'prod', 'scanner')",0.003731500000000000000000000000
"('prod', 'test_orange')",0.003440500000000000000000000000
"('prod', 'scanner', 'core', 'pharmatimes', 'extract_content')",0.003409000000000000000000000000
"('Sanofi_LEO Pharma_legal_disputes_2024', 'core', 'extract_content', 'google_search', 'prod', 'scanner')",0.002797000000000000000000000000
"('PF 07275315_loe_patent_expiration_test', 'core', 'extract_content', 'google_search', 'prod', 'scanner')",0.002439000000000000000000000000
"('Buntanetap_license_agreements_test_2024_new', 'core', 'extract_content', 'google_search', 'prod', 'scanner')",0.002257000000000000000000000000
"('Vodobatinib_license_agreements_test_2024_new', 'core', 'extract_content', 'google_search', 'prod', 'scanner')",0.002074000000000000000000000000
"('prod', 'aily-ai-brain', 'tests', 'test_get_llm_region2')",0.001872000000000000000000000000
"('Abrocitinib_license_agreements_test_2024', 'core', 'extract_content', 'google_search', 'prod', 'scanner')",0.001674000000000000000000000000
"('answerability', 'autoinsights', 'evaluation', 'genai', 'prod')",0.001610000000000000000000000000
"('prod', 'anonymizer', 'fake_name_generator')",0.000386500000000000000000000000
"('brain_example_langfuse', 'genai', 'prod')",0.000243000000000000000000000000
"('prod', 'aily_brain_examples', 'anonymizer', 'fake_name_generator')",0.000184500000000000000000000000
"('prod', 'aily-ai-brain', 'tests', 'test_get_llm4')",0.000082000000000000000000000000
"('prod', 'decision_advisor')",0
"('prod', 'test', 'auto-insights', 'evaluation', 'low-level-qs')",0
